"Time","emqx-broker-0"
2024-09-08 19:41:50,181 MiB
2024-09-08 19:42:00,181 MiB
2024-09-08 19:42:10,182 MiB
2024-09-08 19:42:20,192 MiB
2024-09-08 19:42:30,209 MiB
2024-09-08 19:42:40,209 MiB
2024-09-08 19:42:50,238 MiB
2024-09-08 19:43:00,261 MiB
2024-09-08 19:43:10,261 MiB
2024-09-08 19:43:20,279 MiB
2024-09-08 19:43:30,297 MiB
2024-09-08 19:43:40,297 MiB
2024-09-08 19:43:50,315 MiB
2024-09-08 19:44:00,315 MiB
2024-09-08 19:44:10,330 MiB
2024-09-08 19:44:20,332 MiB
2024-09-08 19:44:30,332 MiB
2024-09-08 19:44:40,332 MiB
2024-09-08 19:44:50,332 MiB
2024-09-08 19:45:00,332 MiB
2024-09-08 19:45:10,332 MiB
2024-09-08 19:45:20,309 MiB
2024-09-08 19:45:30,309 MiB
2024-09-08 19:45:40,265 MiB
2024-09-08 19:45:50,265 MiB
2024-09-08 19:46:00,265 MiB
2024-09-08 19:46:10,257 MiB
2024-09-08 19:46:20,257 MiB
2024-09-08 19:46:30,257 MiB
2024-09-08 19:46:40,257 MiB
2024-09-08 19:46:50,257 MiB
2024-09-08 19:47:00,257 MiB
2024-09-08 19:47:10,257 MiB
2024-09-08 19:47:20,257 MiB
2024-09-08 19:47:30,257 MiB
2024-09-08 19:47:40,257 MiB
2024-09-08 19:47:50,257 MiB
2024-09-08 19:48:00,257 MiB
2024-09-08 19:48:10,250 MiB
2024-09-08 19:48:20,249 MiB
2024-09-08 19:48:30,249 MiB
2024-09-08 19:48:40,242 MiB
2024-09-08 19:48:50,242 MiB
2024-09-08 19:49:00,242 MiB
2024-09-08 19:49:10,243 MiB
2024-09-08 19:49:20,236 MiB
2024-09-08 19:49:30,236 MiB
2024-09-08 19:49:40,238 MiB
2024-09-08 19:49:50,238 MiB
2024-09-08 19:50:00,240 MiB
2024-09-08 19:50:10,240 MiB
2024-09-08 19:50:20,248 MiB
2024-09-08 19:50:30,248 MiB
2024-09-08 19:50:40,255 MiB
2024-09-08 19:50:50,263 MiB
2024-09-08 19:51:00,263 MiB
2024-09-08 19:51:10,271 MiB
2024-09-08 19:51:20,279 MiB
2024-09-08 19:51:30,279 MiB
2024-09-08 19:51:40,287 MiB
2024-09-08 19:51:50,303 MiB
2024-09-08 19:52:00,303 MiB
2024-09-08 19:52:10,306 MiB
2024-09-08 19:52:20,306 MiB
2024-09-08 19:52:30,322 MiB
2024-09-08 19:52:40,270 MiB
2024-09-08 19:52:50,260 MiB
2024-09-08 19:53:00,260 MiB
2024-09-08 19:53:10,296 MiB
2024-09-08 19:53:20,296 MiB
2024-09-08 19:53:30,314 MiB
2024-09-08 19:53:40,326 MiB
2024-09-08 19:53:50,326 MiB
2024-09-08 19:54:00,356 MiB
2024-09-08 19:54:10,356 MiB
2024-09-08 19:54:20,389 MiB
2024-09-08 19:54:30,412 MiB
2024-09-08 19:54:40,412 MiB
2024-09-08 19:54:50,421 MiB
2024-09-08 19:55:00,422 MiB
2024-09-08 19:55:10,422 MiB
2024-09-08 19:55:20,422 MiB
2024-09-08 19:55:30,422 MiB
2024-09-08 19:55:40,423 MiB
2024-09-08 19:55:50,423 MiB
2024-09-08 19:56:00,423 MiB
2024-09-08 19:56:10,423 MiB
2024-09-08 19:56:20,423 MiB
2024-09-08 19:56:30,423 MiB
2024-09-08 19:56:40,423 MiB
2024-09-08 19:56:50,423 MiB
2024-09-08 19:57:00,299 MiB
2024-09-08 19:57:10,298 MiB
2024-09-08 19:57:20,298 MiB
2024-09-08 19:57:30,298 MiB
2024-09-08 19:57:40,274 MiB
2024-09-08 19:57:50,274 MiB
2024-09-08 19:58:00,274 MiB
2024-09-08 19:58:10,274 MiB
2024-09-08 19:58:20,274 MiB
2024-09-08 19:58:30,274 MiB
2024-09-08 19:58:40,274 MiB
2024-09-08 19:58:50,274 MiB
2024-09-08 19:59:00,274 MiB
2024-09-08 19:59:10,274 MiB
2024-09-08 19:59:20,274 MiB
2024-09-08 19:59:30,274 MiB
2024-09-08 19:59:40,272 MiB
2024-09-08 19:59:50,270 MiB
2024-09-08 20:00:00,270 MiB
2024-09-08 20:00:10,271 MiB
2024-09-08 20:00:20,271 MiB
2024-09-08 20:00:30,271 MiB
2024-09-08 20:00:40,272 MiB
2024-09-08 20:00:50,272 MiB
2024-09-08 20:01:00,273 MiB
2024-09-08 20:01:10,273 MiB
2024-09-08 20:01:20,274 MiB
2024-09-08 20:01:30,274 MiB
2024-09-08 20:01:40,274 MiB
2024-09-08 20:01:50,275 MiB
2024-09-08 20:02:00,275 MiB
2024-09-08 20:02:10,276 MiB
2024-09-08 20:02:20,277 MiB
2024-09-08 20:02:30,278 MiB
2024-09-08 20:02:40,278 MiB
2024-09-08 20:02:50,287 MiB
2024-09-08 20:03:00,287 MiB
2024-09-08 20:03:10,303 MiB
2024-09-08 20:03:20,303 MiB
2024-09-08 20:03:30,303 MiB
2024-09-08 20:03:40,319 MiB
2024-09-08 20:03:50,319 MiB
2024-09-08 20:04:00,327 MiB
2024-09-08 20:04:10,339 MiB
2024-09-08 20:04:20,347 MiB
2024-09-08 20:04:30,347 MiB
2024-09-08 20:04:40,362 MiB
2024-09-08 20:04:50,373 MiB
2024-09-08 20:05:00,373 MiB
2024-09-08 20:05:10,391 MiB
2024-09-08 20:05:20,391 MiB
2024-09-08 20:05:30,405 MiB
2024-09-08 20:05:40,421 MiB
2024-09-08 20:05:50,430 MiB
2024-09-08 20:06:00,432 MiB
2024-09-08 20:06:10,432 MiB
2024-09-08 20:06:20,434 MiB
2024-09-08 20:06:30,435 MiB
2024-09-08 20:06:40,435 MiB
2024-09-08 20:06:50,437 MiB
2024-09-08 20:07:00,437 MiB
2024-09-08 20:07:10,451 MiB
2024-09-08 20:07:20,459 MiB
2024-09-08 20:07:30,487 MiB
2024-09-08 20:07:40,317 MiB
2024-09-08 20:07:50,317 MiB
2024-09-08 20:08:00,344 MiB
2024-09-08 20:08:10,344 MiB
2024-09-08 20:08:20,370 MiB
2024-09-08 20:08:30,370 MiB
2024-09-08 20:08:40,398 MiB
2024-09-08 20:08:50,420 MiB
2024-09-08 20:09:00,420 MiB
2024-09-08 20:09:10,455 MiB
2024-09-08 20:09:20,455 MiB
2024-09-08 20:09:30,481 MiB
2024-09-08 20:09:40,492 MiB
2024-09-08 20:09:50,493 MiB
2024-09-08 20:10:00,494 MiB
2024-09-08 20:10:10,494 MiB
2024-09-08 20:10:20,494 MiB
2024-09-08 20:10:30,494 MiB
2024-09-08 20:10:40,494 MiB
2024-09-08 20:10:50,494 MiB
2024-09-08 20:11:00,494 MiB
2024-09-08 20:11:10,494 MiB
2024-09-08 20:11:20,495 MiB
2024-09-08 20:11:30,363 MiB
2024-09-08 20:11:40,363 MiB
2024-09-08 20:11:50,332 MiB
2024-09-08 20:12:00,332 MiB
2024-09-08 20:12:10,332 MiB
2024-09-08 20:12:20,332 MiB
2024-09-08 20:12:30,332 MiB
2024-09-08 20:12:40,316 MiB
2024-09-08 20:12:50,306 MiB
2024-09-08 20:13:00,306 MiB
2024-09-08 20:13:10,306 MiB
2024-09-08 20:13:20,306 MiB
2024-09-08 20:13:30,306 MiB
2024-09-08 20:13:40,306 MiB
2024-09-08 20:13:50,306 MiB
2024-09-08 20:14:00,306 MiB
2024-09-08 20:14:10,306 MiB
2024-09-08 20:14:20,306 MiB